epoch,time,train/box_loss,train/cls_loss,train/dfl_loss,metrics/precision(B),metrics/recall(B),metrics/mAP50(B),metrics/mAP50-95(B),val/box_loss,val/cls_loss,val/dfl_loss,lr/pg0,lr/pg1,lr/pg2
1,30.5597,2.7146,56.5857,2.81011,0,0,0,0,nan,nan,nan,0.073,0.003,0.003
2,44.4454,3.22297,21.5925,3.23747,0,0,0,0,nan,nan,nan,0.0450597,0.00605974,0.00605974
3,57.9267,2.87976,21.3798,3.14021,0,0,0,0,nan,nan,nan,0.0170786,0.00907856,0.00907856
4,72.1722,2.73893,20.2645,3.16325,0.00428,0.02329,0.00058,0.00012,nan,nan,nan,0.009802,0.009802,0.009802
5,86.6958,2.71735,19.5893,3.11626,0.51665,0.02329,0.00653,0.00167,nan,nan,nan,0.009736,0.009736,0.009736
6,100.974,2.65384,19.4371,3.0717,0.03605,0.10783,0.02186,0.00552,nan,nan,nan,0.00967,0.00967,0.00967
7,114.686,2.61783,18.6423,3.04843,0.01195,0.08696,0.00846,0.00221,nan,nan,nan,0.009604,0.009604,0.009604
8,129.203,2.60394,18.6183,3.02286,0.03548,0.05331,0.01031,0.00306,nan,nan,nan,0.009538,0.009538,0.009538
9,144.791,2.58661,18.2481,2.97408,0.57881,0.0559,0.03562,0.00914,2.82812,25.8877,3.35472,0.009472,0.009472,0.009472
10,158.649,2.58603,18.3936,2.95011,0.61437,0.02174,0.02747,0.00799,nan,nan,nan,0.009406,0.009406,0.009406
11,172.184,2.55296,17.9476,2.93167,0.01261,0.0559,0.0134,0.00411,nan,nan,nan,0.00934,0.00934,0.00934
12,185.727,2.51876,17.5755,2.91513,0.59657,0.01863,0.01772,0.0054,nan,nan,nan,0.009274,0.009274,0.009274
13,199.325,2.49099,17.3014,2.8984,0.06776,0.07678,0.02656,0.00755,nan,nan,nan,0.009208,0.009208,0.009208
14,212.968,2.46821,17.0905,2.8925,0.67834,0.07764,0.07454,0.02272,nan,nan,nan,0.009142,0.009142,0.009142
15,226.823,2.45889,17.2953,2.83237,0.0726,0.08092,0.02611,0.00778,nan,nan,nan,0.009076,0.009076,0.009076
16,240.464,2.43968,16.837,2.86002,0.0714,0.14337,0.03824,0.01132,nan,nan,nan,0.00901,0.00901,0.00901
17,254.028,2.4643,17.1331,2.87293,0.04309,0.08144,0.01585,0.00458,nan,nan,nan,0.008944,0.008944,0.008944
18,267.737,2.43145,16.5035,2.83224,0.63925,0.08385,0.08642,0.02728,2.45881,25.5688,3.10896,0.008878,0.008878,0.008878
19,281.657,2.38606,15.9182,2.79021,0.5829,0.08696,0.05757,0.01779,2.42434,28.3609,3.05021,0.008812,0.008812,0.008812
20,295.289,2.34456,16.2008,2.73311,0.12383,0.19814,0.06191,0.01918,2.50813,18.0604,3.09746,0.008746,0.008746,0.008746
21,308.958,2.35778,15.4328,2.72911,0.63977,0.14441,0.1244,0.03595,2.35213,20.7539,3.02046,0.00868,0.00868,0.00868
22,322.877,2.36275,15.4581,2.77998,0.03692,0.16304,0.05709,0.0162,2.49236,21.1187,3.09827,0.008614,0.008614,0.008614
23,336.602,2.36982,15.1573,2.75385,0.60093,0.12422,0.07525,0.02352,2.45967,22.3966,3.12718,0.008548,0.008548,0.008548
24,350.301,2.28703,15.3603,2.71595,0.63518,0.1382,0.12239,0.04062,2.44201,16.4764,3.05066,0.008482,0.008482,0.008482
25,364.08,2.33607,15.2537,2.73967,0.17318,0.11698,0.06573,0.01931,2.59861,19.2384,3.17012,0.008416,0.008416,0.008416
26,378.236,2.29824,14.8832,2.68371,0.13497,0.19513,0.08693,0.02987,2.46603,17.5335,3.09597,0.00835,0.00835,0.00835
27,391.803,2.28555,14.9787,2.66143,0.53919,0.06211,0.04924,0.01759,2.44546,20.7774,3.10857,0.008284,0.008284,0.008284
28,405.4,2.23946,14.7595,2.59794,0.61219,0.09627,0.08396,0.02575,2.44291,18.1181,3.03866,0.008218,0.008218,0.008218
29,419.002,2.19779,14.2081,2.62612,0.62989,0.1382,0.11705,0.03833,2.26979,16.4983,2.88536,0.008152,0.008152,0.008152
30,432.76,2.24236,14.5045,2.62013,0.24966,0.32626,0.17661,0.0693,2.10006,15.6289,2.71455,0.008086,0.008086,0.008086
31,446.592,2.1891,14.2753,2.59143,0.56749,0.16304,0.0811,0.0275,2.35285,17.9474,3.05325,0.00802,0.00802,0.00802
32,460.205,2.19178,13.8071,2.58953,0.0537,0.09938,0.05326,0.01752,nan,nan,nan,0.007954,0.007954,0.007954
33,473.85,2.16911,14.2954,2.53967,0.70222,0.18032,0.22388,0.08329,nan,nan,nan,0.007888,0.007888,0.007888
34,487.749,2.14949,13.6041,2.56075,0.66412,0.19565,0.19856,0.07389,2.1806,14.5372,2.79988,0.007822,0.007822,0.007822
35,501.283,2.11108,13.6092,2.53442,0.10625,0.17995,0.05192,0.01758,2.61101,23.1354,3.42329,0.007756,0.007756,0.007756
36,514.935,2.1136,13.0813,2.53006,0.68776,0.1972,0.1844,0.06706,2.15927,15.1757,2.70187,0.00769,0.00769,0.00769
37,529.709,2.10394,13.0534,2.48555,0.21959,0.27622,0.16064,0.06078,2.15203,15.7028,2.74024,0.007624,0.007624,0.007624
38,543.334,2.0675,12.7715,2.46321,0.60656,0.15994,0.12235,0.04333,2.15574,17.2313,2.78782,0.007558,0.007558,0.007558
39,557.01,2.09035,12.7688,2.47293,0.19437,0.30935,0.14087,0.05505,2.1656,15.3682,2.72673,0.007492,0.007492,0.007492
40,570.654,2.09289,12.6962,2.47081,0.09284,0.25466,0.17894,0.06438,2.30106,15.2858,2.88555,0.007426,0.007426,0.007426
41,584.253,2.03374,12.807,2.45422,0.65682,0.20497,0.17755,0.06657,2.13181,15.466,2.68581,0.00736,0.00736,0.00736
42,597.958,2.07642,12.5887,2.46031,0.15799,0.33489,0.15674,0.05552,2.08829,16.1953,2.71912,0.007294,0.007294,0.007294
43,611.554,2.01608,12.3821,2.43881,0.76023,0.20186,0.27351,0.108,nan,nan,nan,0.007228,0.007228,0.007228
44,625.722,2.02894,12.2882,2.43502,0.24798,0.28958,0.22505,0.08333,2.11905,13.586,2.70187,0.007162,0.007162,0.007162
45,639.41,2.01881,12.7377,2.41138,0.15043,0.25311,0.22839,0.08973,1.98592,13.6548,2.58706,0.007096,0.007096,0.007096
46,653.12,1.99526,11.7401,2.42255,0.22236,0.38906,0.26395,0.10832,2.02477,13.1326,2.61054,0.00703,0.00703,0.00703
47,666.898,1.97333,11.8472,2.41504,0.23275,0.33437,0.22694,0.08557,2.09302,14.1843,2.70809,0.006964,0.006964,0.006964
48,680.551,1.97165,11.5834,2.36262,0.71735,0.20963,0.26815,0.11723,2.00388,12.3177,2.59822,0.006898,0.006898,0.006898
49,694.334,1.95972,11.7143,2.38195,0.25675,0.31231,0.28254,0.11604,1.9794,12.9808,2.57422,0.006832,0.006832,0.006832
50,707.955,1.93687,11.295,2.34972,0.26853,0.33713,0.22982,0.09164,2.08141,13.7723,2.66935,0.006766,0.006766,0.006766
51,721.538,1.95247,11.5543,2.3869,0.33205,0.42754,0.33771,0.1414,1.97226,12.0793,2.55417,0.0067,0.0067,0.0067
52,735.397,1.9513,11.5823,2.36458,0.27892,0.32471,0.25576,0.10126,2.08862,14.4856,2.70311,0.006634,0.006634,0.006634
53,748.911,1.93166,11.3149,2.30266,0.25671,0.38854,0.25982,0.10288,2.06317,12.7942,2.64926,0.006568,0.006568,0.006568
54,762.494,1.88693,11.0156,2.32649,0.35551,0.42547,0.34372,0.14629,1.91358,11.8295,2.52564,0.006502,0.006502,0.006502
55,776.381,1.93671,11.0924,2.32248,0.31834,0.41201,0.3354,0.14841,1.89832,11.811,2.51454,0.006436,0.006436,0.006436
56,790.562,1.88521,10.6994,2.29875,0.38915,0.42736,0.32939,0.13455,1.92014,12.3074,2.48798,0.00637,0.00637,0.00637
57,804.216,1.87148,10.5985,2.26641,0.3346,0.41564,0.3374,0.13388,1.96308,12.7215,2.5628,0.006304,0.006304,0.006304
58,817.867,1.89216,10.5988,2.27577,0.27687,0.41253,0.28258,0.10661,2.11169,12.8396,2.7161,0.006238,0.006238,0.006238
59,831.385,1.87136,10.8577,2.29122,0.33024,0.35766,0.28388,0.11242,2.06656,13.3734,2.63112,0.006172,0.006172,0.006172
60,844.969,1.85152,10.4542,2.26723,0.23681,0.42409,0.30434,0.12495,2.00155,12.213,2.57679,0.006106,0.006106,0.006106
61,858.513,1.86719,10.5385,2.26134,0.29945,0.40084,0.2653,0.09644,2.12403,12.9006,2.70566,0.00604,0.00604,0.00604
62,872.103,1.81029,10.3075,2.18981,0.3682,0.44393,0.35543,0.15245,1.91565,11.1788,2.47529,0.005974,0.005974,0.005974
63,885.853,1.83684,10.3644,2.26702,0.24679,0.42662,0.26749,0.10212,2.02155,13.0628,2.65126,0.005908,0.005908,0.005908
64,899.521,1.8322,10.1978,2.26627,0.28621,0.41149,0.33844,0.13135,1.97789,11.7541,2.58604,0.005842,0.005842,0.005842
65,913.139,1.8302,10.3442,2.21379,0.40918,0.41258,0.36983,0.1536,1.96555,11.5586,2.50829,0.005776,0.005776,0.005776
66,926.955,1.80634,10.2419,2.2008,0.26648,0.48637,0.39159,0.1653,1.87907,11.6643,2.43469,0.00571,0.00571,0.00571
67,941.657,1.79083,10.0748,2.20527,0.3688,0.40994,0.33931,0.13432,2.18205,12.6367,2.90766,0.005644,0.005644,0.005644
68,955.34,1.81428,10.1737,2.17795,0.39234,0.46555,0.42193,0.18511,1.80105,10.4199,2.3425,0.005578,0.005578,0.005578
69,969.143,1.78095,9.92118,2.1933,0.35584,0.47498,0.39966,0.16951,1.91999,10.7927,2.44081,0.005512,0.005512,0.005512
70,982.728,1.78997,9.76192,2.16027,0.36397,0.38952,0.34372,0.15784,1.91792,11.7956,2.45964,0.005446,0.005446,0.005446
71,996.309,1.77724,9.93266,2.18376,0.36815,0.43392,0.38674,0.16487,1.83206,11.1164,2.35973,0.00538,0.00538,0.00538
72,1010.73,1.75115,9.79997,2.17044,0.43304,0.45543,0.41771,0.18751,1.87111,10.9587,2.37432,0.005314,0.005314,0.005314
73,1024.51,1.72258,9.59113,2.15326,0.4615,0.48361,0.45622,0.2098,1.76509,10.0229,2.31806,0.005248,0.005248,0.005248
74,1038.58,1.74634,9.45706,2.15803,0.33662,0.41511,0.36193,0.16106,1.85064,11.3654,2.35541,0.005182,0.005182,0.005182
75,1052.16,1.71686,9.55002,2.10456,0.44347,0.45497,0.40303,0.17898,1.86107,11.0578,2.42451,0.005116,0.005116,0.005116
76,1065.74,1.69056,9.25036,2.09627,0.44838,0.40233,0.37723,0.16694,1.92049,11.5937,2.44759,0.00505,0.00505,0.00505
77,1079.28,1.7069,9.37014,2.11727,0.47461,0.50086,0.48059,0.20219,1.87078,10.4576,2.38201,0.004984,0.004984,0.004984
78,1092.84,1.72467,9.16003,2.10816,0.39832,0.54451,0.45993,0.21461,1.75969,9.7954,2.27729,0.004918,0.004918,0.004918
79,1106.61,1.6823,9.04718,2.09911,0.43848,0.42478,0.41568,0.17108,1.88459,10.6796,2.39702,0.004852,0.004852,0.004852
80,1120.3,1.6667,8.98397,2.07403,0.38139,0.39125,0.34387,0.13536,2.07959,12.7055,2.62559,0.004786,0.004786,0.004786
81,1133.9,1.67318,9.04324,2.09893,0.42062,0.58204,0.50294,0.23278,1.74148,9.37922,2.26921,0.00472,0.00472,0.00472
82,1147.81,1.65949,9.09664,2.0905,0.36844,0.54986,0.43185,0.20417,1.72154,9.55561,2.28553,0.004654,0.004654,0.004654
83,1161.38,1.71485,9.33678,2.10728,0.38923,0.50362,0.42512,0.17143,1.89978,10.7369,2.40778,0.004588,0.004588,0.004588
84,1174.99,1.66942,9.05437,2.08253,0.33142,0.49586,0.36027,0.15939,1.86307,11.0098,2.38709,0.004522,0.004522,0.004522
85,1188.56,1.66928,9.03418,2.07127,0.43017,0.51332,0.45344,0.22113,1.75857,9.8044,2.27567,0.004456,0.004456,0.004456
86,1202.13,1.67949,8.86156,2.0709,0.44771,0.58057,0.50635,0.23759,1.70588,9.34365,2.22456,0.00439,0.00439,0.00439
87,1216.79,1.65522,8.8666,2.06224,0.36292,0.46017,0.34463,0.12991,2.22423,12.0148,2.71114,0.004324,0.004324,0.004324
88,1230.47,1.65457,8.70236,2.04808,0.41808,0.56039,0.44831,0.20324,1.82754,9.86408,2.29266,0.004258,0.004258,0.004258
89,1244.01,1.62742,8.52993,2.01032,0.45367,0.5489,0.49002,0.2303,1.72447,9.34575,2.22599,0.004192,0.004192,0.004192
90,1257.69,1.61429,8.45651,2.04065,0.47139,0.52899,0.47415,0.22647,1.72374,9.15287,2.21703,0.004126,0.004126,0.004126
91,1271.36,1.61568,8.55452,2.00578,0.34789,0.48378,0.41524,0.20857,1.7094,9.43149,2.2068,0.00406,0.00406,0.00406
92,1284.98,1.64946,9.05231,2.03119,0.39498,0.47349,0.44895,0.2062,1.77383,9.69269,2.29376,0.003994,0.003994,0.003994
93,1298.56,1.60535,8.78793,2.01821,0.4198,0.50311,0.4456,0.23174,1.68615,9.75082,2.17898,0.003928,0.003928,0.003928
94,1312.2,1.64501,8.67666,2.03759,0.44433,0.55072,0.51408,0.26374,1.6338,8.81583,2.15993,0.003862,0.003862,0.003862
95,1326,1.60115,8.46486,1.97705,0.51024,0.5509,0.49448,0.24873,1.64054,9.16269,2.16301,0.003796,0.003796,0.003796
96,1339.68,1.61486,8.39949,1.97974,0.46871,0.4843,0.46582,0.22308,1.71787,9.27285,2.18842,0.00373,0.00373,0.00373
97,1353.25,1.58062,8.12434,1.96749,0.36827,0.51691,0.47327,0.23621,1.65482,8.87888,2.15162,0.003664,0.003664,0.003664
98,1366.88,1.61362,8.56941,1.99427,0.4772,0.50111,0.45171,0.21794,1.72774,9.48648,2.23429,0.003598,0.003598,0.003598
99,1380.41,1.57953,8.13481,1.9689,0.46537,0.50914,0.45053,0.21769,1.72397,9.90015,2.2484,0.003532,0.003532,0.003532
100,1393.99,1.56369,8.28715,1.94287,0.46663,0.56435,0.49215,0.23364,1.77629,9.68163,2.29628,0.003466,0.003466,0.003466
101,1407.19,nan,nan,nan,0,0,0,0,nan,nan,nan,0.0034,0.0034,0.0034
102,1422.09,1.5743,8.17095,1.96651,0,0,0,0,nan,nan,nan,0.003334,0.003334,0.003334
103,1435.37,nan,nan,nan,0,0,0,0,nan,nan,nan,0.003268,0.003268,0.003268
104,1448.65,nan,nan,nan,0,0,0,0,nan,nan,nan,0.003202,0.003202,0.003202
105,1461.82,nan,nan,nan,0,0,0,0,nan,nan,nan,0.003136,0.003136,0.003136
106,1475.05,nan,nan,nan,0,0,0,0,nan,nan,nan,0.00307,0.00307,0.00307
107,1488.25,nan,nan,nan,0,0,0,0,nan,nan,nan,0.003004,0.003004,0.003004
108,1501.89,nan,nan,nan,0,0,0,0,nan,nan,nan,0.002938,0.002938,0.002938
109,1515.12,nan,nan,nan,0,0,0,0,nan,nan,nan,0.002872,0.002872,0.002872
110,1528.42,nan,nan,nan,0,0,0,0,nan,nan,nan,0.002806,0.002806,0.002806
111,1541.66,nan,nan,nan,0,0,0,0,nan,nan,nan,0.00274,0.00274,0.00274
112,1555.16,nan,nan,nan,0,0,0,0,nan,nan,nan,0.002674,0.002674,0.002674
113,1568.35,nan,nan,nan,0,0,0,0,nan,nan,nan,0.002608,0.002608,0.002608
114,1581.62,1.88871,43.6642,2.51706,0,0,0,0,nan,nan,nan,0.002542,0.002542,0.002542
115,1594.8,nan,nan,nan,0,0,0,0,nan,nan,nan,0.002476,0.002476,0.002476
116,1608.01,nan,nan,nan,0,0,0,0,nan,nan,nan,0.00241,0.00241,0.00241
117,1621.19,nan,nan,nan,0,0,0,0,nan,nan,nan,0.002344,0.002344,0.002344
118,1634.44,nan,nan,nan,0,0,0,0,nan,nan,nan,0.002278,0.002278,0.002278
119,1647.66,nan,nan,nan,0,0,0,0,nan,nan,nan,0.002212,0.002212,0.002212
120,1660.95,nan,nan,nan,0,0,0,0,nan,nan,nan,0.002146,0.002146,0.002146
121,1674.22,1.83915,42.8173,2.51106,0,0,0,0,nan,nan,nan,0.00208,0.00208,0.00208
122,1687.5,nan,nan,nan,0,0,0,0,nan,nan,nan,0.002014,0.002014,0.002014
123,1700.9,nan,nan,nan,0,0,0,0,nan,nan,nan,0.001948,0.001948,0.001948
124,1714.24,nan,nan,nan,0,0,0,0,nan,nan,nan,0.001882,0.001882,0.001882
